{"cameraMode":{"drawMode":0,"name":"Shaded","section":"Shading Mode"},"sceneLighting":false,"audioPlay":false,"sceneViewState":{"showFog":true,"showMaterialUpdate":false,"showSkybox":false,"showFlares":true,"showImageEffects":true,"showParticleSystems":true},"in2DMode":false,"pivot":{"x":1.1024994850158692,"y":9.256922721862793,"z":4.588926792144775},"rotation":{"x":0.22981537878513337,"y":0.48003441095352175,"z":0.13192042708396913,"w":-0.836270809173584},"size":4.141746520996094,"orthographic":false}