{"cameraMode":{"drawMode":0,"name":"Shaded","section":"Shading Mode"},"sceneLighting":false,"audioPlay":false,"sceneViewState":{"showFog":true,"showMaterialUpdate":false,"showSkybox":false,"showFlares":true,"showImageEffects":true,"showParticleSystems":true},"in2DMode":false,"pivot":{"x":2.5344605445861818,"y":8.625597953796387,"z":3.762831687927246},"rotation":{"x":-0.023266589269042016,"y":0.5893816947937012,"z":-0.016983091831207277,"w":-0.8073410391807556},"size":1.3814539909362794,"orthographic":false}