{"cameraMode":{"drawMode":0,"name":"Shaded","section":"Shading Mode"},"sceneLighting":true,"audioPlay":false,"sceneViewState":{"showFog":true,"showMaterialUpdate":false,"showSkybox":true,"showFlares":true,"showImageEffects":true,"showParticleSystems":true},"in2DMode":false,"pivot":{"x":1.5160341262817383,"y":4.932490825653076,"z":-2.6837100982666017},"rotation":{"x":0.10742643475532532,"y":0.2618972063064575,"z":0.029358752071857454,"w":-0.9586488008499146},"size":25.697004318237306,"orthographic":false}